Url,Place
https://www.credihealth.com/doctor/aakanksha-rawat-dentist/overview ,gurgaon
https://www.credihealth.com/doctor/aanil-kumar-plastic-surgeon/overview ,gurgaon
https://www.credihealth.com/doctor/aanil-kumar-plastic-surgeon/overview ,gurgaon
https://www.credihealth.com/doctor/a-anitha-nephrologist/overview ,gurgaon
https://www.credihealth.com/doctor/aashima-mahajan-radiologist/overview ,gurgaon
https://www.credihealth.com/doctor/aashutosh-soniya-pediatrician/overview ,gurgaon
https://www.credihealth.com/doctor/abbineni-venkat-rao-internal-medicine-specialist/overview ,gurgaon
https://www.credihealth.com/doctor/abdul-muniem-neurologist/overview ,gurgaon
https://www.credihealth.com/doctor/abha-bhargava-pediatrician/overview ,gurgaon
https://www.credihealth.com/doctor/abha-gahlot-opthalmologist/overview ,gurgaon
https://www.credihealth.com/doctor/abha-verma-radiologist/overview ,gurgaon
https://www.credihealth.com/doctor/abhay-inderjit-ahluwalia-endocrinologist/overview ,gurgaon
https://www.credihealth.com/doctor/abhay-kapoor-interventional-radiologist/overview ,gurgaon
https://www.credihealth.com/doctor/abhidha-radiation-oncologist/overview ,gurgaon
https://www.credihealth.com/doctor/abhijeet-kumar-nephrologist/overview ,gurgaon
https://www.credihealth.com/doctor/abhijit-dey-orthopedist/overview ,gurgaon
https://www.credihealth.com/doctor/abhilasha-narayan-gynecologic-oncologist/overview ,gurgaon
https://www.credihealth.com/doctor/abhinav-agarwal-urologist/overview ,gurgaon
https://www.credihealth.com/doctor/abhinav-ahluwalia-radiation-oncologist-2/overview ,gurgaon
https://www.credihealth.com/doctor/abhishek-deo-gastroenterologist/overview ,gurgaon
https://www.credihealth.com/doctor/abhishek-deo-gastroenterologist/overview ,gurgaon
https://www.credihealth.com/doctor/abhishek-gaurav-internal-medicine-specialist/overview ,gurgaon
https://www.credihealth.com/doctor/abhishek-gupta-neurosurgeon/overview ,gurgaon
https://www.credihealth.com/doctor/abhishek-kumar-gupta-physiotherapist/overview ,gurgaon
https://www.credihealth.com/doctor/abhishek-shetty-dentist/overview ,gurgaon
https://www.credihealth.com/doctor/abhishek-singh-orthopedist/overview ,gurgaon
https://www.credihealth.com/doctor/abhishek-wadkar-cardiologist/overview ,gurgaon
https://www.credihealth.com/doctor/ac-anand-hepatologist/overview ,gurgaon
https://www.credihealth.com/doctor/adarsh-chaudhary-surgical-gastroenterologist/overview ,gurgaon
https://www.credihealth.com/doctor/adeeba-khanam-dietitian/overview ,gurgaon
https://www.credihealth.com/doctor/adhishwar-sharma-plastic-surgeon/overview ,gurgaon
https://www.credihealth.com/doctor/aditi-dixit-radiologist/overview ,gurgaon
https://www.credihealth.com/doctor/aditi-gupta-dermatologist/overview ,gurgaon
https://www.credihealth.com/doctor/aditi-krishna-agarwal-opthalmologist/overview ,gurgaon
https://www.credihealth.com/doctor/aditya-aggarwal-plastic-surgeon/overview ,gurgaon
https://www.credihealth.com/doctor/aditya-gupta-neurosurgeon/overview ,gurgaon
https://www.credihealth.com/doctor/aditya-moorthy-dentist/overview ,gurgaon
https://www.credihealth.com/doctor/aditya-sethi-opthalmologist/overview ,gurgaon
https://www.credihealth.com/doctor/adosh-lall-dentist/overview ,gurgaon
https://www.credihealth.com/doctor/ahmar-nauman-tarique-cardiologist/overview ,gurgaon
https://www.credihealth.com/doctor/aikta-singh-dentist/overview ,gurgaon
https://www.credihealth.com/doctor/ajaya-nand-jha-neurosurgeon/overview ,gurgaon
https://www.credihealth.com/doctor/ajay-arora-pediatrician/overview ,gurgaon
https://www.credihealth.com/doctor/ajay-chaughule-cardiac-surgeon/overview ,gurgaon
https://www.credihealth.com/doctor/ajay-dave-opthalmologist/overview ,gurgaon
https://www.credihealth.com/doctor/ajay-gupta-oncologist/overview ,gurgaon
https://www.credihealth.com/doctor/ajay-karkara-pediatrician/overview ,gurgaon
https://www.credihealth.com/doctor/ajay-kaushik-internal-medicine-specialist/overview ,gurgaon
https://www.credihealth.com/doctor/ajay-kumar-pulmonologist/overview ,gurgaon
https://www.credihealth.com/doctor/ajay-kumar-kriplani-surgical-gastroenterologist/overview ,gurgaon
